"1446035192.583","yuraguchii","RT @YikYakApp: ""Just got an email from from my grandma with the entire email in the subject line"" â€” Purdue University"
"1446035194.845","SidneyO99","RT @antonneousc: had a great ride and I wanna thank all coaches for recruiting, but I decided to commit to university of Florida"
"1446035447.717","BPO_Links","UCT commits to 'insourcing' services: The University of Cape Town has made an undertaking t... https://t.co/96VrjNBMD8 #outsourcing, #bpo"
"1446035453.603","JumumuPhoto","RT @onduhungirehe: Visiting #Yongsei University Dairy, one of the leaders in dairy products in S. #Korea. Ready to cooperate w/ Rwanda. httâ€¦"
"1446035453.921","nottmonline","RT @InvestNott: University of #Nottingham provides Â£1.1bn boost for the UK economy. #InvestNotts @UniofNottingham https://t.co/iwQCoiwAw2"
"1446035456.947","NeuvooDetroit","Looking for a #Summer #Scholar Analyst - Human Capital (Strategy), Consulting - University of Pennsylvania #jobs https://t.co/HF61V5FWCL"
"1446035458.53","acaringmind","UCLA launches second Grand Challenge to reduce health and economic impacts of depression @UCLA

https://t.co/ca8RzljM4h?"
"1446035462.227","Mac_Dollasss","RT @jorgeramosnews: I'll see you tonight at 6 pm at the University of Chicago to talk about the election, immigration and journalism (Instiâ€¦"
"1446035463.961","affan24","Siddique Baloch rejects the invitation of Harvard University for a Lecture 

`Mein Choti Moti University mein lecture nahi deta ` S Baloch"
"1446035464.663","romoterintefos","Harvard University Class Of 1934 Fifteenth Anniversary Report 1949,Archibald Cox https://t.co/x6uADUXiAg https://t.co/r58GaJAQzX"
"1446035465.162","trpmaker","RT @jorgeramosnews: I'll see you tonight at 6 pm at the University of Chicago to talk about the election, immigration and journalism (Instiâ€¦"
"1446035465.855","EINNanotech","Plasma-Therms Plasma Processing Workshop Engages Researchers at University of New South Wales https://t.co/0Pfz74UdLr"
"1446035466.504","kkondik","RT @WTOP: At 8:40 a.m. on #WTOP, @kkondik of University of Virginia Center for Politics on appeal of #BenCarson. Listen Live: https://t.co/â€¦"
"1446035466.703","CharlieAckerman","@ Detroit Athletic Club with Michigan State University discussing Talent Trends. https://t.co/OdZwf5lev7"
"1446035471.375","JasonGrahamJDG","Good news, college students! The job market is growingâ€¦and that includes financial services! https://t.co/66GXMtaGkJ"
"1446035477.015","HPYoungVoices","A Scottish university launched a New York campus 2 years ago. And there's no students there https://t.co/5k52xLYM44 https://t.co/ua8YZSPAAS"
"1446035477.081","sherrifflucy","A Scottish university launched a New York campus 2 years ago. And there's no students there https://t.co/UG3dohfYMp https://t.co/HkHAoJUMO0"
"1446035477.357","notiven","RT: @jorgeramosnews :I'll see you tonight at 6 pm at the University of Chicago to talk about the election, immigration and journalism (Insti"
"1446035477.685","NeuvooSalDetro","Looking for a #Business #Analyst - Human Capital Strategy, Consulting- New York University #jobs https://t.co/zCbYj9k2Ff"
"1446035479.039","shunpei1960","RT @CosmosPics: The #Cygnus Loop is a large #supernova remnant in the #constellation Cygnus. credit:(@NASA/JPL-Caltech) https://t.co/ASTfOLâ€¦"
"1446035484.582","NeuvooEdison","Looking for a #Tech #NUS (Administration) 00180-6016 #jobs https://t.co/oXekq1dEzL https://t.co/ZJRKM1WvF6"
"1446035484.776","HuffPostUK","RT @sherrifflucy: A Scottish university launched a New York campus 2 years ago. And there's no students there https://t.co/UG3dohfYMp httpsâ€¦"
"1446035499.815","NeuvooEduTor","Check out this #job: #Assistant #Professor at Ryerson University in #Toronto #jobs https://t.co/VflGzqI1T0"
"1446035505.06","Yoncherooo","RT @AmazingCampuses: University of Pittsburgh #Pitt https://t.co/D7LikIsIrM"
"1446035505.833","infixum","RT @CosmosPics: The #Cygnus Loop is a large #supernova remnant in the #constellation Cygnus. credit:(@NASA/JPL-Caltech) https://t.co/ASTfOLâ€¦"
"1446035506.09","TheCommonSpace","Failure of Caledonian University New York campus raises â€œquestions of governanceâ€: https://t.co/QCfIydyvqG https://t.co/QRmWM4pOly"
"1446035508.002","NeuvooAdvUS","Syracuse University is hiring! #Assistant #or Associate Professor - Advertising in #Syracuse, apply now! #jobs https://t.co/WDYMXF53Gk"
"1446035508.665","NeuvooEduUS","University Of Southern California is hiring a #Part-Time #Instructor, apply now! #LosAngeles #jobs https://t.co/Mccm51FUfV"
"1446035508.998","NeuvooFinUS","Looking for a #Business #Analyst - Strategy &amp; Operations, Consulting- New York University #jobs https://t.co/LwhET5NIpk"
"1446035512.19","Chocolate2R1","Traditional Austin Wedding at The University of Texas Golf Club https://t.co/JsdxnaLACm"
"1446035516.441","noraayub","@mohdishamudin fyi unsw business kat canberra ðŸ˜­ðŸ˜­ðŸ˜­"
"1446035516.576","HuzzahForAlex","RT @HPYoungVoices: A Scottish university launched a New York campus 2 years ago. And there's no students there https://t.co/5k52xLYM44 httpâ€¦"
"1446035524.207","JustIta_","RT @UnrevealedTips: An Oxford University study has found that for every person you fall in love with, you lose two close friends."
"1446035524.514","CaptainBraxton","RT @antonneousc: had a great ride and I wanna thank all coaches for recruiting, but I decided to commit to university of Florida"
"1446035528.839","AJLee23","RT @antonneousc: had a great ride and I wanna thank all coaches for recruiting, but I decided to commit to university of Florida"
"1446035530.464","PaCKidermO","RT @jorgeramosnews: I'll see you tonight at 6 pm at the University of Chicago to talk about the election, immigration and journalism (Instiâ€¦"
"1446035533.568","Dick_waddd","RT @antonneousc: had a great ride and I wanna thank all coaches for recruiting, but I decided to commit to university of Florida"
"1446035537.831","haley_fox96","I don't see nothing wrong... https://t.co/uTH117bTRX"
"1446035537.914","RelaxInMiami","RelaxInMiami: NeuvooMiami: Apply now to work for University of Miami as #Postdoctoral #Associate in #CoralGables #â€¦ https://t.co/el5emQTHAD"
"1446035540.83","NeuvooHRBos","Looking for a #Business #Analyst - Human Capital - Strategy, Consulting - University of Texas, Austin #jobs https://t.co/jVVGgtP5A5"
"1446035541.835","FindMyRole","MASTERS: Masters by Research: Edinburgh Napier University - The School of Life, Sport a... https://t.co/CTfypwBWqw https://t.co/KRLBmCHXNH"
"1446035542.684","Senglibrary","RT @SciLiby: Did you know that Microsoft Office 2013 is available as a free download for all Cardiff University Students? https://t.co/krnpâ€¦"
"1446035543.054","David_MichaelJ","RT @antonneousc: had a great ride and I wanna thank all coaches for recruiting, but I decided to commit to university of Florida"
"1446035545.454","NeuvooHeaSF","University of California is hiring a #Clinical #Research Coordinator, apply now! #Berkeley #jobs https://t.co/OajnhErEyE"
"1446035545.778","esosatribaldos","RT @jorgeramosnews: I'll see you tonight at 6 pm at the University of Chicago to talk about the election, immigration and journalism (Instiâ€¦"
"1446035546.628","bellablue1060","RT @jorgeramosnews: I'll see you tonight at 6 pm at the University of Chicago to talk about the election, immigration and journalism (Instiâ€¦"
"1446035546.893","alexjmarty","From the man himself  https://t.co/SvCtilpGTj"
"1446035547.964","KD2Real1","RT @antonneousc: had a great ride and I wanna thank all coaches for recruiting, but I decided to commit to university of Florida"
"1446035550.589","travelfarnow","Teach Classes in the Morning, Drive Uber at Night: Why Chicago Adjuncts Are Demanding a Union Working In These Times https://t.co/9AdJkwNKO2"
"1446035550.932","NeuvooEduDal","Looking for a #Summer #Scholar Actuarial Analyst - Human Capital, Consulting- New York University #jobs https://t.co/kH0hCIH71V"
"1446035551.481","ForrestGator","RT @antonneousc: had a great ride and I wanna thank all coaches for recruiting, but I decided to commit to university of Florida"
"1446035551.752","letsgetphysio","RT @kie_ehrenborg: Students at Peking university must complete 30 sessions of physical exercise/semester to get their academic credits. @exâ€¦"
"1446035557.764","d_ferfuson","@CondoleezzaRice Temple University should get in the playoff, if they beat ND and go undefeated. I think. Thank you Dr.Rice :-)  Dre"
"1446035561.718","gators155","RT @antonneousc: had a great ride and I wanna thank all coaches for recruiting, but I decided to commit to university of Florida"
"1446035563.939","UReginaKHSDean","RT @kie_ehrenborg: Students at Peking university must complete 30 sessions of physical exercise/semester to get their academic credits. @exâ€¦"
"1446035564.902","NeuvooHRPhi","Looking for a #Business #Analyst - Human Capital, Consulting - University of Pennsylvania #jobs https://t.co/xluKX3rhHC"
"1446035565.746","teklawarg","RT @herbley: YOUR ADVICE &amp; OPINION WOULD BE VERY MUCH APPRECIATED IN PRESTON'S CASE @ZellnerLaw @innocence @ucla #texas @probono https://t.â€¦"
"1446035566.95","Jade_Lennon","RT @PJ_theDJ: Th office of the Bursar at The University of Namibia proposed a 15% increase in student fees for the 2016 academic year. #Feeâ€¦"
"1446035571.42","Mymoena_Arnold","Built at one time for one race group only https://t.co/st3MyaYLkI"
"1446035576.618","ORLGators","RT @antonneousc: had a great ride and I wanna thank all coaches for recruiting, but I decided to commit to university of Florida"
"1446035578.14","LeeUwenBT","Deputy Prime Minister Tharman Shanmugaratnam is now speaking at the NUS Business School 50th anniversary gala dinner at the Shangri-la Hotel"
"1446035583.357","AlyssaThevis","RT @collegefession: ""Every day I fantasize about dropping out."" - Columbia University"
"1446035588.437","imaginarysounds","Scariest baby robot ever. https://t.co/LkCCxca0dd"
"1446035588.956","LAMetroBugle","UCLA launches ambitious long-term depressionÂ initiative https://t.co/NWLlSkmLzd"
"1446035589.251","NeuvooLexingto","Looking for a #Summer #Associate - Technology, MBA, Consulting - University of Texas, Austin #jobs https://t.co/gQAO4nXWBu"
"1446035591.028","Keith247Sports","4-* DE from Dooly Co, Ga. Having a big senior season. We've been telling readers for awhile it was headed this way. https://t.co/bBmqk8OIVx"
"1446035591.938","dirtymike213","RT @antonneousc: had a great ride and I wanna thank all coaches for recruiting, but I decided to commit to university of Florida"
"1446035593.837","WageningenINT","RT @FutureFoodMOOCs: Excited to follow a new Wageningen University #MOOC? Subscribe here for #NUTR102x https://t.co/tKEiDOkNrc"
"1446035596.901","_fxckeriicaaa","RT @antonneousc: had a great ride and I wanna thank all coaches for recruiting, but I decided to commit to university of Florida"
"1446035604.939","caycaygott","RT @uclagymnastics: UCLA signee @MadisonKocian won World Championships team gold for the 2nd-straight year: https://t.co/rDuTOWGXAq https:/â€¦"
"1446035608.54","Guardian_Elite","RT @jorgeramosnews: I'll see you tonight at 6 pm at the University of Chicago to talk about the election, immigration and journalism (Instiâ€¦"
"1446035612.146","WALBJake","Dooly Co. star will play in SEC https://t.co/rumTeTLSFk"
"1446035620.779","JJ_BAU","where she was the captain of the varsity soccer team her senior year and earned an athletic scholarship to the University of Pittsburgh,"
"1446035620.854","TECH__KUSH","RT @UofAZGlobal: Short video from yesterday's UNAM @UofA ribbon cutting ceremony: https://t.co/PHoHAu30Bu"
"1446035620.99","GringoPhil","RT @TheFix: Guy in front of me has a Florida Gulf Coast University sticker on his car. Oh yeah, this day is starting off great."
"1446035621.94","autorssfeed","Harvard UniversityÂ Â Â Â Â Â Â Â âœ” Harvard :
Think your grandmother's recipes have stood the test of time? Try using a 4,â€¦ https://t.co/xrSMym68mE"
"1446035626.707","uniworldnews","RT @bethmcmurtrie: Is the Yale-NUS liberal arts degree Asian enough? - University World News: https://t.co/N6oxYTV89j"
"1446035632.526","itsstephaniaa","RT @jorgeramosnews: I'll see you tonight at 6 pm at the University of Chicago to talk about the election, immigration and journalism (Instiâ€¦"
"1446035635.679","NeuvooNewHaven","#Director, #Professional Coding &amp; Billing needed in #NewHaven at Yale University. Apply now! #jobs https://t.co/HV1R00F8T7"
"1446035640.617","peggygriesinger","RT @archivematica: New, simplified rights model at UCSD #DLFforum  Many of these properties are controlled by URIs https://t.co/NnzRUmLZwu"
"1446035641.153","santiagozubr","RT @jorgeramosnews: I'll see you tonight at 6 pm at the University of Chicago to talk about the election, immigration and journalism (Instiâ€¦"
"1446035644.146","tayrabarsallo","RT @jorgeramosnews: I'll see you tonight at 6 pm at the University of Chicago to talk about the election, immigration and journalism (Instiâ€¦"
"1446035654.269","YareliCortez","@ms_prochaska OMG- we should take a last minute class field trip  https://t.co/amsj7MlvhZ"
"1446035659.19","amibor_com","Huh?.. Man In Court For Rap!ng 13-Year-Old Boy Through The A* nus https://t.co/yLf5eK3Mi0"
"1446035660.488","theonlyNorwood","RT @iSaacicorteS: I am proud to say that I have verbally committed to run cross country and track for Stanford University! https://t.co/GjMâ€¦"
"1446035663.663","jharm75","RT @antonneousc: had a great ride and I wanna thank all coaches for recruiting, but I decided to commit to university of Florida"
"1446035665.073","WayneMcGaheeIII","RT @antonneousc: had a great ride and I wanna thank all coaches for recruiting, but I decided to commit to university of Florida"
"1446035665.201","CulminateJobs","Bottle-Neck Analysis Consultant At Johns Hopkins University https://t.co/n6LQTTZFHd"
"1446035665.461","Healthcare_BCG","A chemistry PhD student from Queen Mary University of London (QMUL) has found a simple way for... https://t.co/2X7WFrIdeO #Pharma #Health"
"1446035669.979","ChrissStreet","RT @WTOP: At 8:40 a.m. on #WTOP, @kkondik of University of Virginia Center for Politics on appeal of #BenCarson. Listen Live: https://t.co/â€¦"
"1446035671.214","SuffMyD","RT @AndrewSpiveyGC: DE Antonneous Clayton is a Gator https://t.co/oSNhfneJDG"
"1446035675.521","ThatOneGirl143","RT @YikYakApp: ""Just got an email from from my grandma with the entire email in the subject line"" â€” Purdue University"
"1446035680.831","lakes1947","RT @jorgeramosnews: I'll see you tonight at 6 pm at the University of Chicago to talk about the election, immigration and journalism (Instiâ€¦"
"1446035683.448","ValMansell","So A Scottish University Has A Â£5m Campus In New York. But There Are No Students There https://t.co/YJHNRG9Jah via @HPYoungVoices"
"1446035686.287","r4i7","Farmer Frenzie Meat Feast for lunch. I'm very full! @ University of Birmingham https://t.co/KJOlrrM2UE"
"1446035686.46","jspath55","At ASUG Maryland Baltimore chapter meeting in Morgan University campus. School of Business building is so new the walls are still being set."
"1446035690.647","bitcoinaltcoin_","https://t.co/3sd5uhOaCB karaoke player download dion: brown university graduate school dissertationâ€¦ https://t.co/hS6nhuDAUW"
"1446035692.861","scottracinee","RT @camgornet: I am excited to officially announce my commitment to play hockey at Harvard University starting in the Fall of 2016. #GoCrimâ€¦"
"1446035693.891","santiagos58","Black mob attacks students at University of Michigan: When did this become normal.

ðŸ‡ºðŸ‡¸ðŸ˜ŽðŸ‘ŠðŸ‘ https://t.co/iqA8pdYpMN"
"1446035695.788","BostonUnivDaily","Men's Hockey Preview and Live Updates: No. 7/8 Boston University at UConn, 7:05 p.m. https://t.co/OqUe54sVQ2 https://t.co/fnv6Wu2YGf"
"1446035709.284","U_G8tr_b8t","RT @antonneousc: had a great ride and I wanna thank all coaches for recruiting, but I decided to commit to university of Florida"
"1446035710.935","ideas4thefuture","Glasgow Caledonian University New York campus concerns - BBC News https://t.co/RX6nEQs3ff via @Instapaper"
"1446035711.917","jharm75","RT @AndrewSpiveyGC: DE Antonneous Clayton is a Gator https://t.co/oSNhfneJDG"
"1446035712.564","Venice_Harrop68","How does a New York University psychology major turn on his lights in the morning? By opening the car door."
"1446035714.325","Radselken","RT @Tom_Slater_: Hilarious from Andrew 'Mary Glasshouse' Doyle. '#GermaineGreer Had No Right to Speak at Cardiff University' https://t.co/2â€¦"
"1446035715.055","boekoebuku","Philip J. Eldridge, ""NGO and Democratic Participation in Indonesia"" (Oxford University Press, 1995) 264 hlm Rp50.000 https://t.co/eY1ElkRY4D"
"1446035719.835","Real_JP4","RT @WALBJake: Dooly Co. star will play in SEC https://t.co/rumTeTLSFk"
"1446035724.55","mgmcquillan","RT @HPYoungVoices: A Scottish university launched a New York campus 2 years ago. And there's no students there https://t.co/5k52xLYM44 httpâ€¦"
"1446035727.664","EntertainmntNWS","Cornell University defends decision to remove Fox News reporter from campus #Entertainment https://t.co/K6jerkZULy https://t.co/bc0EKZHXNB"
"1446035734.393","conweezy624","RT @antonneousc: had a great ride and I wanna thank all coaches for recruiting, but I decided to commit to university of Florida"
"1446035734.696","Brobben96","RT @collegefession: ""Every day I fantasize about dropping out."" - Columbia University"
"1446035735.492","maddieanthes","Hey good news! I'm a creative genius! https://t.co/oTPTOUZ1xo"
"1446035739.955","patelroow","Photo: UCLA Center for Buddhist Studies Podcasts - UCLA Center for Buddhist Studies | Religion â€¦: UCLA... https://t.co/J8E3IBBlOi"
"1446035754.105","kathmego","RT @patelroow: Photo: UCLA Center for Buddhist Studies Podcasts - UCLA Center for Buddhist Studies | Religion â€¦: UCLA... https://t.co/J8E3Iâ€¦"
"1446035754.471","mandyfreebird1","RT @patelroow: Photo: UCLA Center for Buddhist Studies Podcasts - UCLA Center for Buddhist Studies | Religion â€¦: UCLA... https://t.co/J8E3Iâ€¦"
"1446035755.362","roberta25s","RT @patelroow: Photo: UCLA Center for Buddhist Studies Podcasts - UCLA Center for Buddhist Studies | Religion â€¦: UCLA... https://t.co/J8E3Iâ€¦"
"1446035755.461","Danka_Bogott","Bliss Molecules and Love Hormones Propel Our Social Networks: Neuroscientists from University of California, I... https://t.co/eFSkn8lMJv"
"1446035757.595","jforsythe23","#DunkCity â€œ@TheFix: Guy in front of me has a Florida Gulf Coast University sticker on his car. Oh yeah, this day is starting off great.â€"
"1446035761.594","heyyouapp","RT @patelroow: Photo: UCLA Center for Buddhist Studies Podcasts - UCLA Center for Buddhist Studies | Religion â€¦: UCLA... https://t.co/J8E3Iâ€¦"
"1446035766.882","Eoin_SC","RT @kie_ehrenborg: Students at Peking university must complete 30 sessions of physical exercise/semester to get their academic credits. @exâ€¦"
"1446035770.288","Anglo_Paraguay","Dear World... Yours, Cambridge: the campaign for the University and Colleges of Cambridge https://t.co/xn1aJYGRF2"
"1446035772.962","Santana783022","After his graduation from Whittier in 1934, Nixon received a #full scholarship to attend Duke University School of Law."
"1446035773.991","Krista899025","Hammer Museum to expand as UCLA acquires Occidental Petroleum property #HammerMuseumAt... https://t.co/JoSZe8HcQQ https://t.co/Vns3lXfqCQ"
"1446035781.234","factmaysurprise","At Hong Kong Polytechnic University, it's possible to receive a Bachelor Degree in Bra Studies."
"1446035782.554","lungdiseasenews","COPD Affects 1.1 Million California Residents, UCLA ReportÂ Reveals https://t.co/hs5dL0I8iM"
"1446035782.703","DB_Tp3","RT @JoshJae: Congrats big fella..close to home too..(Chicago)  https://t.co/lanvEBDfEN"
"1446035783.088","Ruth13L","Annenberg Institute for School Reform at Brown University (where I work!) is hiring a research associate. Please... https://t.co/4nAWYKqhVH"
"1446035783.698","irenegorde","RT @patelroow: Photo: UCLA Center for Buddhist Studies Podcasts - UCLA Center for Buddhist Studies | Religion â€¦: UCLA... https://t.co/J8E3Iâ€¦"
"1446035783.842","m33lina","RT @patelroow: Photo: UCLA Center for Buddhist Studies Podcasts - UCLA Center for Buddhist Studies | Religion â€¦: UCLA... https://t.co/J8E3Iâ€¦"
"1446035784.125","Joweeezy","RT @jorgeramosnews: I'll see you tonight at 6 pm at the University of Chicago to talk about the election, immigration and journalism (Instiâ€¦"
"1446035784.24","2Nachim","RT @patelroow: Photo: UCLA Center for Buddhist Studies Podcasts - UCLA Center for Buddhist Studies | Religion â€¦: UCLA... https://t.co/J8E3Iâ€¦"
"1446035784.268","n1l0a","RT @patelroow: Photo: UCLA Center for Buddhist Studies Podcasts - UCLA Center for Buddhist Studies | Religion â€¦: UCLA... https://t.co/J8E3Iâ€¦"
"1446035784.295","TrishaTrishtish","RT @patelroow: Photo: UCLA Center for Buddhist Studies Podcasts - UCLA Center for Buddhist Studies | Religion â€¦: UCLA... https://t.co/J8E3Iâ€¦"
"1446035784.356","krystinsurf","RT @patelroow: Photo: UCLA Center for Buddhist Studies Podcasts - UCLA Center for Buddhist Studies | Religion â€¦: UCLA... https://t.co/J8E3Iâ€¦"
"1446035784.418","debrathoma","RT @patelroow: Photo: UCLA Center for Buddhist Studies Podcasts - UCLA Center for Buddhist Studies | Religion â€¦: UCLA... https://t.co/J8E3Iâ€¦"
"1446035784.467","sacoox","RT @patelroow: Photo: UCLA Center for Buddhist Studies Podcasts - UCLA Center for Buddhist Studies | Religion â€¦: UCLA... https://t.co/J8E3Iâ€¦"
"1446035784.995","eleparal","RT @patelroow: Photo: UCLA Center for Buddhist Studies Podcasts - UCLA Center for Buddhist Studies | Religion â€¦: UCLA... https://t.co/J8E3Iâ€¦"
"1446035785.034","lee2ah","RT @patelroow: Photo: UCLA Center for Buddhist Studies Podcasts - UCLA Center for Buddhist Studies | Religion â€¦: UCLA... https://t.co/J8E3Iâ€¦"
"1446035785.06","sass1h","RT @patelroow: Photo: UCLA Center for Buddhist Studies Podcasts - UCLA Center for Buddhist Studies | Religion â€¦: UCLA... https://t.co/J8E3Iâ€¦"
"1446035785.089","senkyosakki","RT @patelroow: Photo: UCLA Center for Buddhist Studies Podcasts - UCLA Center for Buddhist Studies | Religion â€¦: UCLA... https://t.co/J8E3Iâ€¦"
"1446035785.116","giustssa","RT @patelroow: Photo: UCLA Center for Buddhist Studies Podcasts - UCLA Center for Buddhist Studies | Religion â€¦: UCLA... https://t.co/J8E3Iâ€¦"
"1446035785.145","kayadfi","RT @patelroow: Photo: UCLA Center for Buddhist Studies Podcasts - UCLA Center for Buddhist Studies | Religion â€¦: UCLA... https://t.co/J8E3Iâ€¦"
"1446035785.165","c0ur1ney1","RT @patelroow: Photo: UCLA Center for Buddhist Studies Podcasts - UCLA Center for Buddhist Studies | Religion â€¦: UCLA... https://t.co/J8E3Iâ€¦"
"1446035785.194","subaki5","RT @patelroow: Photo: UCLA Center for Buddhist Studies Podcasts - UCLA Center for Buddhist Studies | Religion â€¦: UCLA... https://t.co/J8E3Iâ€¦"
"1446035785.233","t1kat1ka","RT @patelroow: Photo: UCLA Center for Buddhist Studies Podcasts - UCLA Center for Buddhist Studies | Religion â€¦: UCLA... https://t.co/J8E3Iâ€¦"
"1446035785.356","sl1lm","RT @patelroow: Photo: UCLA Center for Buddhist Studies Podcasts - UCLA Center for Buddhist Studies | Religion â€¦: UCLA... https://t.co/J8E3Iâ€¦"
"1446035785.598","peggyarnol","RT @patelroow: Photo: UCLA Center for Buddhist Studies Podcasts - UCLA Center for Buddhist Studies | Religion â€¦: UCLA... https://t.co/J8E3Iâ€¦"
"1446035785.754","m1l1r","RT @patelroow: Photo: UCLA Center for Buddhist Studies Podcasts - UCLA Center for Buddhist Studies | Religion â€¦: UCLA... https://t.co/J8E3Iâ€¦"
"1446035785.808","RampageNate","ICYMI - RWtH Live: Opening Night, New Digs, and Rookies Galore https://t.co/mWURsKSk0O"
"1446035785.844","L85Vega","RT @patelroow: Photo: UCLA Center for Buddhist Studies Podcasts - UCLA Center for Buddhist Studies | Religion â€¦: UCLA... https://t.co/J8E3Iâ€¦"
"1446035785.877","p8mes","RT @patelroow: Photo: UCLA Center for Buddhist Studies Podcasts - UCLA Center for Buddhist Studies | Religion â€¦: UCLA... https://t.co/J8E3Iâ€¦"
"1446035786.057","amyrightside","RT @patelroow: Photo: UCLA Center for Buddhist Studies Podcasts - UCLA Center for Buddhist Studies | Religion â€¦: UCLA... https://t.co/J8E3Iâ€¦"
"1446035786.088","mckenziesweety","RT @patelroow: Photo: UCLA Center for Buddhist Studies Podcasts - UCLA Center for Buddhist Studies | Religion â€¦: UCLA... https://t.co/J8E3Iâ€¦"
"1446035786.36","lydiavanborg","RT @patelroow: Photo: UCLA Center for Buddhist Studies Podcasts - UCLA Center for Buddhist Studies | Religion â€¦: UCLA... https://t.co/J8E3Iâ€¦"
"1446035786.462","sofiawanderl","RT @patelroow: Photo: UCLA Center for Buddhist Studies Podcasts - UCLA Center for Buddhist Studies | Religion â€¦: UCLA... https://t.co/J8E3Iâ€¦"
"1446035786.871","marac00per","RT @patelroow: Photo: UCLA Center for Buddhist Studies Podcasts - UCLA Center for Buddhist Studies | Religion â€¦: UCLA... https://t.co/J8E3Iâ€¦"
"1446035786.919","wamysweet","RT @patelroow: Photo: UCLA Center for Buddhist Studies Podcasts - UCLA Center for Buddhist Studies | Religion â€¦: UCLA... https://t.co/J8E3Iâ€¦"
"1446035786.983","anaukmaria","RT @patelroow: Photo: UCLA Center for Buddhist Studies Podcasts - UCLA Center for Buddhist Studies | Religion â€¦: UCLA... https://t.co/J8E3Iâ€¦"
"1446035787.199","ayamiri2","RT @patelroow: Photo: UCLA Center for Buddhist Studies Podcasts - UCLA Center for Buddhist Studies | Religion â€¦: UCLA... https://t.co/J8E3Iâ€¦"
"1446035787.821","haileysecretary","RT @patelroow: Photo: UCLA Center for Buddhist Studies Podcasts - UCLA Center for Buddhist Studies | Religion â€¦: UCLA... https://t.co/J8E3Iâ€¦"
"1446035788.358","sddoba","RT @patelroow: Photo: UCLA Center for Buddhist Studies Podcasts - UCLA Center for Buddhist Studies | Religion â€¦: UCLA... https://t.co/J8E3Iâ€¦"
"1446035788.52","en1am","RT @patelroow: Photo: UCLA Center for Buddhist Studies Podcasts - UCLA Center for Buddhist Studies | Religion â€¦: UCLA... https://t.co/J8E3Iâ€¦"
"1446035788.842","steve1ellen","RT @patelroow: Photo: UCLA Center for Buddhist Studies Podcasts - UCLA Center for Buddhist Studies | Religion â€¦: UCLA... https://t.co/J8E3Iâ€¦"
"1446035789.447","lluciz","RT @patelroow: Photo: UCLA Center for Buddhist Studies Podcasts - UCLA Center for Buddhist Studies | Religion â€¦: UCLA... https://t.co/J8E3Iâ€¦"
"1446035789.582","elaabate","RT @jorgeramosnews: I'll see you tonight at 6 pm at the University of Chicago to talk about the election, immigration and journalism (Instiâ€¦"
"1446035790.075","ed1aniia","RT @patelroow: Photo: UCLA Center for Buddhist Studies Podcasts - UCLA Center for Buddhist Studies | Religion â€¦: UCLA... https://t.co/J8E3Iâ€¦"
"1446035790.484","ttracyn","RT @patelroow: Photo: UCLA Center for Buddhist Studies Podcasts - UCLA Center for Buddhist Studies | Religion â€¦: UCLA... https://t.co/J8E3Iâ€¦"
"1446035791.029","luci3322","RT @patelroow: Photo: UCLA Center for Buddhist Studies Podcasts - UCLA Center for Buddhist Studies | Religion â€¦: UCLA... https://t.co/J8E3Iâ€¦"
"1446035792.328","milenangel","Bon Jovi - Let's Make It Baby - YouTube I heard @Harvard was a good university too https://t.co/jAW6fFl7Vt"
"1446035792.416","dbbmonica","RT @patelroow: Photo: UCLA Center for Buddhist Studies Podcasts - UCLA Center for Buddhist Studies | Religion â€¦: UCLA... https://t.co/J8E3Iâ€¦"
"1446035792.582","PaulWassel3","RT @antonneousc: had a great ride and I wanna thank all coaches for recruiting, but I decided to commit to university of Florida"
"1446035792.637","MusMusMussy","RT @CoyneoftheRealm: I've had it. Sharpe quotes are offensive. Will lay waste to Pace follow up study by Thursday in blog post.  https://t.â€¦"
"1446035793.373","hkumi1","RT @patelroow: Photo: UCLA Center for Buddhist Studies Podcasts - UCLA Center for Buddhist Studies | Religion â€¦: UCLA... https://t.co/J8E3Iâ€¦"
"1446035794.716","gridironnow","RT @Keith247Sports: 4-* DE from Dooly Co, Ga. Having a big senior season. We've been telling readers for awhile it was headed this way. httâ€¦"
"1446035797.396","gloriawalthour","RT @twright55: @Hardeyaddra @HillaryClinton @StephenAtHome @colbertlateshow Read @CBS article about #Hillary's $300K speech: https://t.co/Câ€¦"
"1446035799.668","iamadaa10","RT @Google_Facts_1: If you make more than about $75,000 a year, money can buy happiness, according to a study carried out at Princeton Univâ€¦"
